"Carimbo de data/hora","Colaborador:","O colaborador apresenta iniciativa? ","O funcionário é dedicado em suas tarefas e busca atingir as metas de entrega de tesks?","O funcionário é organizado em suas atividades? ","O colaborador consegue se adaptar a diferentes tipos demandas de TI e diferentes tipos de demandantes buscando manter uma boa relação entre o setor de negócio e a TI","O funcionário interage bem com seus colegas de trabalho? ","O colaborador mostra aptidões para ser líder?","O funcionário tem o talento necessário para o que faz?","O colaborador está sempre pronto a colaborar?","O funcionário apresenta os resultados esperados de seu trabalho?","O funcionário tem o hábito de colaborar com os demais membros da empresa?","O funcionário tem um comportamento ético?","Qual o Nivel Desenvolvedor? ","Com base no Nivel do Desenvolvedor ele demonstrar ter as competências necessárias para realizar suas tesks tendo como ferramenta a Ciência da Computação?","O Desenvolvedor dentro do requisito Release Management possui as competências esperadas para o Nivel dele?","Possui endendimento sobre os Protocolos Web?","Possui o conhecimento de Banco de Dados necessário para executar suas demandas?","Conhece os conceitos de Segurança da Informação?","Possui habilidades de Front-End?","Possui habilidades de Back-End?","Conhece todo o ecossistema da Ativo?","Possui habilidade de escrever codigos limpos e de boa qualidade?","Possui noções de arquitetura?","O Desenvolvedor possui Get Stuff Done?","O Desenvolvedor tem Troubleshooting, ou seja a habilidade de identificar problemas? ","O Desenvolvedor demonstra possuir agilidade na execução de suas tarefas? ","O Desenvolvedor possui frugalidade, ou seja a habilidade de comprender a importância do custo-benefício na tomada de decisão?","O Desenvolvedor possui a capacidade de se comunicar bem?","O desenvolvedor possuí a capacidade de compartilhar suas ideias com o time? ","O Desenvolvedor compartilha seus conhecimentos com o restante da equipe ?"
"2021/11/18 2:43:50 AM GMT-3","José Soares","Sempre","Sempre","Sempre","Sempre","Sempre","Sempre","Sempre","Sempre","Sempre","Sempre","Sempre","Desenvolvedor Júnior Nível 1","","","","","","","","","","","","","","","","",""
"2021/11/18 11:35:17 AM GMT-3","Lucas","Sempre","Sempre","Sempre","Sempre","Sempre","Sempre","Sempre","Sempre","Sempre","Sempre","Sempre","Estagiario","","","","","","","","","","","","","","","","",""
"2021/11/18 12:18:37 PM GMT-3","JOSE SOARES RAMOS JUNIOR ","Sempre","Sempre","Às Vezes","Às Vezes","Sempre","Nunca","Possuí","Sempre","Sempre","Às Vezes","Sempre","Desenvolvedor Júnior Nível 2","Possui","Possui","Possui","Possuí","Em Desenvolvimento","Em desenvolvimento","Possui","Em Desenvolvimento","Possuí","Em Desenvolvimento","Possui","Em Desenvolvimento","Possuí","Em Desenvolvimento","Em Desenvolvimento","Em Desenvolvimento","Sempre que possivel"
"2021/11/18 12:24:24 PM GMT-3","Jean Gouveia","Sempre","Sempre","Sempre","Às Vezes","Sempre","Às Vezes","Possuí","Sempre","Às Vezes","Às Vezes","Sempre","Desenvolvedor Júnior Nível 2","Possui","Em Desenvolvimento","Em Desenvolvimento","Possuí","Em Desenvolvimento","Não Possuí","Possui","Em Desenvolvimento","Possuí","Em Desenvolvimento","Em Desenvolvimento","Em Desenvolvimento","Possuí","Possuí","Em Desenvolvimento","Possui","Sempre que possivel"
"2021/11/18 12:27:08 PM GMT-3","Lucas Santos da Silva","Sempre","Sempre","Às Vezes","Às Vezes","Sempre","Nunca","Possuí","Sempre","Sempre","Sempre","Sempre","Estagiario","Em Desenvolvimento","Em Desenvolvimento","Em Desenvolvimento","Possuí","Em Desenvolvimento","Possuí","Em Desenvolvimento","Possuí","Em Desenvolvimento","Em Desenvolvimento","Possui","Em Desenvolvimento","Possuí","Possuí","Possuí","Possui","Sempre"
"2021/11/19 9:21:23 AM GMT-3","Esdras","Às Vezes","Sempre","Às Vezes","Sempre","Sempre","Sempre","Possuí","Sempre","Sempre","Sempre","Sempre","Líder Técnico","Possui","Possui","Possui","Possuí","Possuí","Possuí","Possui","Possuí","Possuí","Possui","Possui","Possuí","Possuí","Em Desenvolvimento","Possuí","Possui","Sempre que possivel"
"2021/11/19 9:31:57 AM GMT-3","Lucas","Às Vezes","Sempre","Sempre","Sempre","Sempre","Nunca","Possuí","Sempre","Às Vezes","Sempre","Sempre","Desenvolvedor Júnior Nível 1","Em Desenvolvimento","Em Desenvolvimento","Possui","Possuí","Possuí","Possuí","Em Desenvolvimento","Em Desenvolvimento","Em Desenvolvimento","Possui","Em Desenvolvimento","Possuí","Possuí","Em Desenvolvimento","Em Desenvolvimento","Possui","Sempre que possivel"
"2021/11/19 9:36:32 AM GMT-3","José Soares","Sempre","Sempre","Às Vezes","Sempre","Sempre","Nunca","Possuí","Sempre","Sempre","Sempre","Sempre","Desenvolvedor Pleno Nível 1","Possui","Em Desenvolvimento","Possui","Possuí","Possuí","Em desenvolvimento","Possui","Em Desenvolvimento","Em Desenvolvimento","Possui","Possui","Possuí","Possuí","Em Desenvolvimento","Possuí","Em Desenvolvimento","As Vezes"
"2021/11/19 10:29:33 AM GMT-3","Esdras Fragoso","Sempre","Sempre","Sempre","Sempre","Sempre","Sempre","Possuí","Sempre","Sempre","Sempre","Sempre","Líder Técnico","Possui","Possui","Possui","Possuí","Possuí","Em desenvolvimento","Possui","Possuí","Possuí","Possui","Possui","Possuí","Possuí","Possuí","Em Desenvolvimento","Possui","Sempre que possivel"
"2021/11/19 10:31:10 AM GMT-3","Lucas","Sempre","Sempre","Sempre","Sempre","Sempre","Às Vezes","Em Desenvolvimento","Sempre","Sempre","Sempre","Sempre","Desenvolvedor Júnior Nível 2","Em Desenvolvimento","Possui","Possui","Possuí","Em Desenvolvimento","Possuí","Em Desenvolvimento","Possuí","Possuí","Possui","Possui","Possuí","Possuí","Possuí","Possuí","Possui","Sempre que possivel"
"2021/11/19 10:32:39 AM GMT-3","Jean Gouveia","Sempre","Sempre","Sempre","Sempre","Sempre","Sempre","Possuí","Sempre","Sempre","Sempre","Sempre","Desenvolvedor Pleno Nível 1","Possui","Em Desenvolvimento","Possui","Possuí","Possuí","Em desenvolvimento","Possui","Em Desenvolvimento","Possuí","Possui","Possui","Possuí","Possuí","Possuí","Possuí","Possui","Sempre que possivel"
"2021/11/19 3:55:26 PM GMT-3","Jean Gouveia","Sempre","Sempre","Sempre","Sempre","Sempre","Às Vezes","Possuí","Sempre","Sempre","Sempre","Sempre","Desenvolvedor Júnior Nível 2","Possui","Possui","Possui","Possuí","Possuí","Em desenvolvimento","Possui","Possuí","Possuí","Possui","Possui","Possuí","Possuí","Possuí","Possuí","Possui","Sempre"
"2021/11/22 10:14:03 AM GMT-3","Esdras Neto","Sempre","Sempre","Sempre","Sempre","Sempre","Sempre","Possuí","Sempre","Sempre","Sempre","Sempre","Líder Técnico","Possui","Possui","Possui","Possuí","Possuí","Possuí","Possui","Possuí","Possuí","Possui","Possui","Possuí","Possuí","Possuí","Possuí","Possui","Sempre"
"2021/11/22 10:15:35 AM GMT-3","Jose Junior","Sempre","Sempre","Sempre","Sempre","Sempre","Às Vezes","Possuí","Sempre","Sempre","Sempre","Sempre","Desenvolvedor Júnior Nível 2","Possui","Possui","Possui","Possuí","Possuí","Em desenvolvimento","Possui","Possuí","Possuí","Possui","Possui","Possuí","Possuí","Possuí","Possuí","Possui","Sempre"